created_at,last_updated_at,country
6/28/2024 7:42:41 AM +00:00,6/28/2024 7:42:41 AM +00:00,Austria
6/28/2024 7:42:41 AM +00:00,6/28/2024 7:42:41 AM +00:00,Belarus
6/28/2024 7:42:41 AM +00:00,6/28/2024 7:42:41 AM +00:00,Bosnia
6/28/2024 7:42:41 AM +00:00,6/28/2024 7:42:41 AM +00:00,Bulgaria
6/28/2024 7:42:41 AM +00:00,6/28/2024 7:42:41 AM +00:00,Croatia
6/28/2024 7:42:41 AM +00:00,6/28/2024 7:42:41 AM +00:00,Czech Republic
6/28/2024 7:42:41 AM +00:00,6/28/2024 7:42:41 AM +00:00,Denmark
6/28/2024 7:42:41 AM +00:00,6/28/2024 7:42:41 AM +00:00,Finland
6/28/2024 7:42:41 AM +00:00,6/28/2024 7:42:41 AM +00:00,France
6/28/2024 7:42:41 AM +00:00,6/28/2024 7:42:41 AM +00:00,Germany
6/28/2024 7:42:41 AM +00:00,6/28/2024 7:42:41 AM +00:00,Greece
6/28/2024 7:42:41 AM +00:00,6/28/2024 7:42:41 AM +00:00,Hungary
6/28/2024 7:42:41 AM +00:00,6/28/2024 7:42:41 AM +00:00,Italy
6/28/2024 7:42:41 AM +00:00,6/28/2024 7:42:41 AM +00:00,Latvia
6/28/2024 7:42:41 AM +00:00,6/28/2024 7:42:41 AM +00:00,Lithuania
6/28/2024 7:42:41 AM +00:00,6/28/2024 7:42:41 AM +00:00,Moldova
6/28/2024 7:42:41 AM +00:00,6/28/2024 7:42:41 AM +00:00,Netherlands
6/28/2024 7:42:41 AM +00:00,6/28/2024 7:42:41 AM +00:00,Norway
6/28/2024 7:42:41 AM +00:00,6/28/2024 7:42:41 AM +00:00,Poland
6/28/2024 7:42:41 AM +00:00,6/28/2024 7:42:41 AM +00:00,Portugal
6/28/2024 7:42:41 AM +00:00,6/28/2024 7:42:41 AM +00:00,Romania
6/28/2024 7:42:41 AM +00:00,6/28/2024 7:42:41 AM +00:00,Serbia
6/28/2024 7:42:41 AM +00:00,6/28/2024 7:42:41 AM +00:00,Spain
6/28/2024 7:42:41 AM +00:00,6/28/2024 7:42:41 AM +00:00,Sweden
6/28/2024 7:42:41 AM +00:00,6/28/2024 7:42:41 AM +00:00,UK
6/28/2024 7:42:41 AM +00:00,6/28/2024 7:42:41 AM +00:00,Ukraine
